start_addr,end_addr,start_time,end_time,elapsed_time
*0xffff0020,*0x100,42214737798034,42214778469437,40671403
*0xffff0020,*0x100,42214935308885,42214976643686,41334801
*0xffff0020,*0x100,42215120370890,42215162559579,42188689
*0xffff0020,*0x100,42215302259732,42215340235931,37976199
*0xffff0020,*0x100,42215513763249,42215562063600,48300351
*0xffff0020,*0x100,42215716234649,42215752004471,35769822
*0xffff0020,*0x100,42215888884083,42215926770192,37886109
*0xffff0020,*0x100,42216065918937,42216101752461,35833524
*0xffff0020,*0x100,42216237658776,42216275725175,38066399
*0xffff0020,*0x100,42216412476873,42216451515249,39038376
*0xffff0020,*0x100,42216597643155,42216634142718,36499563
*0xffff0020,*0x100,42216775340093,42216821014678,45674585
*0xffff0020,*0x100,42216966389900,42217003620831,37230931
*0xffff0020,*0x100,42217145365040,42217186045951,40680911
*0xffff0020,*0x100,42217323058866,42217358536443,35477577
*0xffff0020,*0x100,42217494941877,42217537415719,42473842
*0xffff0020,*0x100,42217679794958,42217722546961,42752003
*0xffff0020,*0x100,42217860908531,42217897562862,36654331
*0xffff0020,*0x100,42218031351126,42218070199888,38848762
*0xffff0020,*0x100,42218210628387,42218248210148,37581761
*0xffff0020,*0x100,42218387128930,42218430736093,43607163
*0xffff0020,*0x100,42218570586998,42218606964194,36377196
*0xffff0020,*0x100,42218741550836,42218783641200,42090364
*0xffff0020,*0x100,42218917341984,42218951852946,34510962
*0xffff0020,*0x100,42219088608971,42219130734306,42125335
*0xffff0020,*0x100,42219269518126,42219304023394,34505268
*0xffff0020,*0x100,42219441844939,42219481606642,39761703
*0xffff0020,*0x100,42219626312657,42219661476352,35163695
*0xffff0020,*0x100,42219804305084,42219843655084,39350000
*0xffff0020,*0x100,42219985325351,42220025597289,40271938
*0xffff0020,*0x100,42220161875637,42220197016716,35141079
*0xffff0020,*0x100,42220333129861,42220368882767,35752906
*0xffff0020,*0x100,42220507529518,42220549845488,42315970
*0xffff0020,*0x100,42220690813584,42220732729644,41916060
*0xffff0020,*0x100,42220872532851,42220907880442,35347591
*0xffff0020,*0x100,42221050969593,42221093126291,42156698
*0xffff0020,*0x100,42221227004989,42221260879086,33874097
*0xffff0020,*0x100,42221395239772,42221438381769,43141997
*0xffff0020,*0x100,42221583400773,42221618549463,35148690
*0xffff0020,*0x100,42221750474167,42221793978347,43504180
*0xffff0020,*0x100,42221929085852,42221964137025,35051173
*0xffff0020,*0x100,42222102544409,42222143757276,41212867
*0xffff0020,*0x100,42222285828779,42222319071890,33243111
*0xffff0020,*0x100,42222458282475,42222497326455,39043980
*0xffff0020,*0x100,42222636302257,42222670681431,34379174
*0xffff0020,*0x100,42222807564316,42222845258558,37694242
*0xffff0020,*0x100,42222982340999,42223017092913,34751914
*0xffff0020,*0x100,42223149977311,42223187487885,37510574
*0xffff0020,*0x100,42223323346268,42223357491138,34144870
*0xffff0020,*0x100,42223491699489,42223530767049,39067560
*0xffff0020,*0x100,42223672936130,42223707265324,34329194
*0xffff0020,*0x100,42223841268619,42223881284325,40015706
*0xffff0020,*0x100,42224015283033,42224051045733,35762700
*0xffff0020,*0x100,42224184380952,42224222189512,37808560
*0xffff0020,*0x100,42224355761402,42224389485356,33723954
*0xffff0020,*0x100,42224520385392,42224562607740,42222348
*0xffff0020,*0x100,42224704532576,42224745135192,40602616
*0xffff0020,*0x100,42224885968898,42224922363143,36394245
*0xffff0020,*0x100,42225061750883,42225097294183,35543300
*0xffff0020,*0x100,42225233841188,42225273011360,39170172
*0xffff0020,*0x100,42225409751444,42225446328453,36577009
*0xffff0020,*0x100,42225594502525,42225631049861,36547336
*0xffff0020,*0x100,42225766256261,42225804582838,38326577
*0xffff0020,*0x100,42225939586118,42225978037063,38450945
*0xffff0020,*0x100,42226111734374,42226148084776,36350402
*0xffff0020,*0x100,42226285630683,42226324518899,38888216
*0xffff0020,*0x100,42226460336097,42226497439209,37103112
*0xffff0020,*0x100,42226648959665,42226684782333,35822668
*0xffff0020,*0x100,42226819052150,42226857195370,38143220
*0xffff0020,*0x100,42226996963020,42227034281611,37318591
*0xffff0020,*0x100,42227166522753,42227206250675,39727922
*0xffff0020,*0x100,42227343694381,42227381348291,37653910
*0xffff0020,*0x100,42227519416686,42227564170713,44754027
*0xffff0020,*0x100,42227697656854,42227736950312,39293458
*0xffff0020,*0x100,42227871793884,42227912456816,40662932
*0xffff0020,*0x100,42228056492234,42228091883949,35391715
*0xffff0020,*0x100,42228223898035,42228264367456,40469421
*0xffff0020,*0x100,42228398587798,42228432717590,34129792
*0xffff0020,*0x100,42228577965264,42228617160392,39195128
*0xffff0020,*0x100,42228753287539,42228789170603,35883064
*0xffff0020,*0x100,42228925924427,42228965600092,39675665
*0xffff0020,*0x100,42229103664609,42229138111718,34447109
*0xffff0020,*0x100,42229274541039,42229315832434,41291395
*0xffff0020,*0x100,42229449056404,42229485607828,36551424
*0xffff0020,*0x100,42229634231955,42229668728141,34496186
*0xffff0020,*0x100,42229800035505,42229836310194,36274689
*0xffff0020,*0x100,42229967710973,42230010705285,42994312
*0xffff0020,*0x100,42230144202671,42230178494336,34291665
*0xffff0020,*0x100,42230328265438,42230365680382,37414944
*0xffff0020,*0x100,42230502244234,42230546528067,44283833
*0xffff0020,*0x100,42230687938193,42230722147775,34209582
*0xffff0020,*0x100,42230860610740,42230899025706,38414966
*0xffff0020,*0x100,42231035530645,42231071920724,36390079
*0xffff0020,*0x100,42231207816557,42231249713575,41897018
*0xffff0020,*0x100,42231385992615,42231421702683,35710068
*0xffff0020,*0x100,42231565360284,42231609736836,44376552
*0xffff0020,*0x100,42231753119362,42231791829925,38710563
*0xffff0020,*0x100,42231934384105,42231973343173,38959068
*0xffff0020,*0x100,42232105766475,42232145607697,39841222
*0xffff0020,*0x100,42232304352741,42232340092650,35739909
*0xffff0020,*0x100,42232473325895,42232511234451,37908556
*0xffff0020,*0x100,42232649123497,42232690912369,41788872
*0xffff0020,*0x100,42232839539175,42232880022950,40483775
*0xffff0020,*0x100,42233020931806,42233057132711,36200905
*0xffff0020,*0x100,42233199339373,42233242720510,43381137
*0xffff0020,*0x100,42233379294998,42233413696268,34401270
*0xffff0020,*0x100,42233556285343,42233610548001,54262658
*0xffff0020,*0x100,42233745450247,42233786272424,40822177
*0xffff0020,*0x100,42233932001008,42233970971429,38970421
*0xffff0020,*0x100,42234114134799,42234153826149,39691350
*0xffff0020,*0x100,42234290450105,42234325091602,34641497
*0xffff0020,*0x100,42234456384699,42234496695691,40310992
*0xffff0020,*0x100,42234644035540,42234679168128,35132588
*0xffff0020,*0x100,42234830335109,42234867429742,37094633
*0xffff0020,*0x100,42235002741385,42235037526316,34784931
*0xffff0020,*0x100,42235175417308,42235214583958,39166650
*0xffff0020,*0x100,42235348524502,42235383600954,35076452
*0xffff0020,*0x100,42235521730278,42235568874515,47144237
*0xffff0020,*0x100,42235703064899,42235738830895,35765996
*0xffff0020,*0x100,42235872066838,42235913136544,41069706
*0xffff0020,*0x100,42236039732199,42236072969791,33237592
*0xffff0020,*0x100,42236200730998,42236240761719,40030721
*0xffff0020,*0x100,42236374823928,42236409408432,34584504
*0xffff0020,*0x100,42236539756687,42236588810087,49053400
*0xffff0020,*0x100,42236726361083,42236767797904,41436821
*0xffff0020,*0x100,42236904536713,42236942804083,38267370
*0xffff0020,*0x100,42237079269014,42237115181640,35912626
*0xffff0020,*0x100,42237251989288,42237290652937,38663649
*0xffff0020,*0x100,42237430382754,42237465779690,35396936
*0xffff0020,*0x100,42237603806647,42237644094992,40288345
*0xffff0020,*0x100,42237783053667,42237817272346,34218679
*0xffff0020,*0x100,42237955459168,42237996674098,41214930
*0xffff0020,*0x100,42238136894188,42238171212078,34317890
*0xffff0020,*0x100,42238302254586,42238342668886,40414300
*0xffff0020,*0x100,42238475835508,42238517321664,41486156
*0xffff0020,*0x100,42238658712824,42238698905153,40192329
*0xffff0020,*0x100,42238834743053,42238868473327,33730274
*0xffff0020,*0x100,42239003541157,42239043675421,40134264
*0xffff0020,*0x100,42239178506308,42239213997314,35491006
*0xffff0020,*0x100,42239348087701,42239388980745,40893044
*0xffff0020,*0x100,42239519720943,42239557473165,37752222
*0xffff0020,*0x100,42239689951452,42239730732162,40780710
*0xffff0020,*0x100,42239867520875,42239902913104,35392229
*0xffff0020,*0x100,42240036974915,42240078224466,41249551
*0xffff0020,*0x100,42240213739931,42240245899516,32159585
*0xffff0020,*0x100,42240382288200,42240422131180,39842980
*0xffff0020,*0x100,42240564163582,42240607965814,43802232
*0xffff0020,*0x100,42240742410271,42240781793262,39382991
*0xffff0020,*0x100,42240917829980,42240953479419,35649439
*0xffff0020,*0x100,42241091865984,42241133721823,41855839
*0xffff0020,*0x100,42241270485924,42241306064700,35578776
*0xffff0020,*0x100,42241439268652,42241477244971,37976319
*0xffff0020,*0x100,42241614258793,42241650198591,35939798
*0xffff0020,*0x100,42241788412332,42241828075170,39662838
*0xffff0020,*0x100,42241957879443,42241995943372,38063929
*0xffff0020,*0x100,42242131373504,42242175940750,44567246
*0xffff0020,*0x100,42242313724306,42242353965278,40240972
*0xffff0020,*0x100,42242495419518,42242532025444,36605926
*0xffff0020,*0x100,42242682582992,42242725343880,42760888
*0xffff0020,*0x100,42242865184111,42242899425674,34241563
*0xffff0020,*0x100,42243038568525,42243079381034,40812509
*0xffff0020,*0x100,42243218856092,42243254222178,35366086
*0xffff0020,*0x100,42243388835249,42243428720975,39885726
*0xffff0020,*0x100,42243567939607,42243605870236,37930629
*0xffff0020,*0x100,42243743432854,42243786317781,42884927
*0xffff0020,*0x100,42243926386439,42243962555015,36168576
*0xffff0020,*0x100,42244095475292,42244138547251,43071959
*0xffff0020,*0x100,42244273659642,42244311684953,38025311
*0xffff0020,*0x100,42244459065164,42244496605355,37540191
*0xffff0020,*0x100,42244643278046,42244683963484,40685438
*0xffff0020,*0x100,42244823189592,42244858604844,35415252
*0xffff0020,*0x100,42244995361135,42245035986190,40625055
*0xffff0020,*0x100,42245174753590,42245210977930,36224340
*0xffff0020,*0x100,42245347455099,42245386897836,39442737
*0xffff0020,*0x100,42245522147795,42245561845820,39698025
*0xffff0020,*0x100,42245698916997,42245740869200,41952203
*0xffff0020,*0x100,42245877913473,42245917912873,39999400
*0xffff0020,*0x100,42246051097177,42246091248746,40151569
*0xffff0020,*0x100,42246230562819,42246266846817,36283998
*0xffff0020,*0x100,42246401175575,42246440420148,39244573
*0xffff0020,*0x100,42246584158735,42246633363287,49204552
*0xffff0020,*0x100,42246773171526,42246808221406,35049880
*0xffff0020,*0x100,42246950919654,42246991446273,40526619
*0xffff0020,*0x100,42247125186259,42247159951493,34765234
*0xffff0020,*0x100,42247296193194,42247336113744,39920550
*0xffff0020,*0x100,42247473342520,42247511042312,37699792
*0xffff0020,*0x100,42247651666003,42247692624448,40958445
*0xffff0020,*0x100,42247829039886,42247866917162,37877276
*0xffff0020,*0x100,42248002044144,42248044342016,42297872
*0xffff0020,*0x100,42248181713607,42248217867070,36153463
*0xffff0020,*0x100,42248351137231,42248394420506,43283275
*0xffff0020,*0x100,42248530843144,42248570787290,39944146
*0xffff0020,*0x100,42248714717341,42248752895038,38177697
*0xffff0020,*0x100,42248889517762,42248928403807,38886045
*0xffff0020,*0x100,42249071263287,42249108489278,37225991
*0xffff0020,*0x100,42249244625023,42249285065309,40440286
*0xffff0020,*0x100,42249427369427,42249463578751,36209324
*0xffff0020,*0x100,42249607115405,42249647169912,40054507
*0xffff0020,*0x100,42249784567816,42249818980091,34412275
*0xffff0020,*0x100,42249954912050,42249996908754,41996704
*0xffff0020,*0x100,42250135315566,42250170082404,34766838
*0xffff0020,*0x100,42250302432277,42250344726268,42293991
*0xffff0020,*0x100,42250482989219,42250519990656,37001437
*0xffff0020,*0x100,42250661749445,42250704400810,42651365
*0xffff0020,*0x100,42250837814428,42250874324023,36509595
*0xffff0020,*0x100,42251014863247,42251055148246,40284999
*0xffff0020,*0x100,42251192816043,42251228637211,35821168
*0xffff0020,*0x100,42251382345368,42251418501581,36156213
*0xffff0020,*0x100,42251554463170,42251596555285,42092115
*0xffff0020,*0x100,42251738793122,42251782122246,43329124
*0xffff0020,*0x100,42251920746877,42251961933160,41186283
*0xffff0020,*0x100,42252098945663,42252134574159,35628496
*0xffff0020,*0x100,42252267718532,42252309284470,41565938
*0xffff0020,*0x100,42252444635481,42252479172984,34537503
*0xffff0020,*0x100,42252621589640,42252663734257,42144617
*0xffff0020,*0x100,42252803971687,42252840109487,36137800
*0xffff0020,*0x100,42252978070895,42253019777735,41706840
*0xffff0020,*0x100,42253156963119,42253190530964,33567845
*0xffff0020,*0x100,42253330895385,42253375820063,44924678
*0xffff0020,*0x100,42253515750920,42253560435883,44684963
*0xffff0020,*0x100,42253696371545,42253734092438,37720893
*0xffff0020,*0x100,42253873501110,42253913827214,40326104
*0xffff0020,*0x100,42254047627827,42254082652016,35024189
*0xffff0020,*0x100,42254217143659,42254258087301,40943642
*0xffff0020,*0x100,42254392528799,42254430020966,37492167
*0xffff0020,*0x100,42254572798949,42254615438411,42639462
*0xffff0020,*0x100,42254759741021,42254794207246,34466225
*0xffff0020,*0x100,42254926932501,42254968635987,41703486
*0xffff0020,*0x100,42255103685771,42255138394840,34709069
*0xffff0020,*0x100,42255281694037,42255321742300,40048263
*0xffff0020,*0x100,42255456388931,42255492299010,35910079
*0xffff0020,*0x100,42255637679084,42255677895349,40216265
*0xffff0020,*0x100,42255812226900,42255849819364,37592464
*0xffff0020,*0x100,42255986418061,42256025675782,39257721
*0xffff0020,*0x100,42256162362539,42256199733445,37370906
*0xffff0020,*0x100,42256336135680,42256375602756,39467076
*0xffff0020,*0x100,42256513554525,42256552575687,39021162
*0xffff0020,*0x100,42256704709362,42256741360940,36651578
*0xffff0020,*0x100,42256879562037,42256922437611,42875574
*0xffff0020,*0x100,42257061201157,42257097539301,36338144
*0xffff0020,*0x100,42257235323703,42257277715266,42391563
*0xffff0020,*0x100,42257420933719,42257457621220,36687501
*0xffff0020,*0x100,42257605185340,42257649186303,44000963
*0xffff0020,*0x100,42257788569642,42257828017080,39447438
*0xffff0020,*0x100,42257974371264,42258011904133,37532869
*0xffff0020,*0x100,42258153465829,42258195433183,41967354
*0xffff0020,*0x100,42258329602802,42258365800703,36197901
*0xffff0020,*0x100,42258526290361,42258570545456,44255095
*0xffff0020,*0x100,42258708239304,42258746359617,38120313
*0xffff0020,*0x100,42258886890487,42258925694794,38804307
*0xffff0020,*0x100,42259061946463,42259100848995,38902532
*0xffff0020,*0x100,42259240994001,42259277701501,36707500
*0xffff0020,*0x100,42259419720923,42259458359259,38638336
*0xffff0020,*0x100,42259599869728,42259636474363,36604635
*0xffff0020,*0x100,42259770938096,42259811147904,40209808
*0xffff0020,*0x100,42259951359721,42259990037773,38678052
*0xffff0020,*0x100,42260132993507,42260172281362,39287855
*0xffff0020,*0x100,42260313565186,42260351031466,37466280
*0xffff0020,*0x100,42260487734422,42260528135087,40400665
*0xffff0020,*0x100,42260669835425,42260711497928,41662503
*0xffff0020,*0x100,42260854255341,42260890173563,35918222
*0xffff0020,*0x100,42261027658650,42261068511073,40852423
*0xffff0020,*0x100,42261203234307,42261241134706,37900399
*0xffff0020,*0x100,42261379823491,42261422785128,42961637
*0xffff0020,*0x100,42261567269066,42261602630666,35361600
*0xffff0020,*0x100,42261746632948,42261787292115,40659167
*0xffff0020,*0x100,42261924117040,42261961894229,37777189
*0xffff0020,*0x100,42262101727664,42262140561607,38833943
*0xffff0020,*0x100,42262278831012,42262316484095,37653083
*0xffff0020,*0x100,42262457069278,42262494980952,37911674
*0xffff0020,*0x100,42262641805550,42262684993199,43187649
*0xffff0020,*0x100,42262823176407,42262861854906,38678499
*0xffff0020,*0x100,42263004402346,42263044408970,40006624
*0xffff0020,*0x100,42263180716964,42263221230617,40513653
*0xffff0020,*0x100,42263362963673,42263402639202,39675529
*0xffff0020,*0x100,42263540968249,42263583720708,42752459
*0xffff0020,*0x100,42263728723517,42263769081235,40357718
*0xffff0020,*0x100,42263907694906,42263946440049,38745143
*0xffff0020,*0x100,42264085100364,42264125868206,40767842
*0xffff0020,*0x100,42264268468668,42264308534754,40066086
*0xffff0020,*0x100,42264447217981,42264484163375,36945394
*0xffff0020,*0x100,42264629314777,42264670464364,41149587
*0xffff0020,*0x100,42264812011350,42264851606864,39595514
*0xffff0020,*0x100,42264988839826,42265029074557,40234731
*0xffff0020,*0x100,42265164556561,42265206002393,41445832
*0xffff0020,*0x100,42265341627236,42265382415840,40788604
*0xffff0020,*0x100,42265529200982,42265570921775,41720793
*0xffff0020,*0x100,42265710559728,42265750453611,39893883
*0xffff0020,*0x100,42265892497171,42265934741062,42243891
*0xffff0020,*0x100,42266072895535,42266111973488,39077953
*0xffff0020,*0x100,42266248363098,42266287245469,38882371
*0xffff0020,*0x100,42266425653341,42266464866793,39213452
*0xffff0020,*0x100,42266603012526,42266644335036,41322510
*0xffff0020,*0x100,42266784871476,42266824118316,39246840
*0xffff0020,*0x100,42266953265585,42266992223124,38957539
*0xffff0020,*0x100,42267122576316,42267161347823,38771507
*0xffff0020,*0x100,42267290880835,42267330274682,39393847
*0xffff0020,*0x100,42267464162159,42267503858856,39696697
*0xffff0020,*0x100,42267642513407,42267678456887,35943480
*0xffff0020,*0x100,42267818873601,42267856479075,37605474
*0xffff0020,*0x100,42267994237118,42268037267637,43030519
*0xffff0020,*0x100,42268173766708,42268212865958,39099250
*0xffff0020,*0x100,42268350498161,42268389441983,38943822
*0xffff0020,*0x100,42268527631276,42268568171387,40540111
*0xffff0020,*0x100,42268712083682,42268749848303,37764621
*0xffff0020,*0x100,42268887697667,42268929026832,41329165
*0xffff0020,*0x100,42269072317403,42269109335829,37018426
*0xffff0020,*0x100,42269252482784,42269294702922,42220138
*0xffff0020,*0x100,42269432737352,42269472842218,40104866
*0xffff0020,*0x100,42269623236946,42269663918275,40681329
*0xffff0020,*0x100,42269805908945,42269846274165,40365220
*0xffff0020,*0x100,42269989306782,42270029189240,39882458
*0xffff0020,*0x100,42270172974998,42270214167385,41192387
*0xffff0020,*0x100,42270355829052,42270392390935,36561883
*0xffff0020,*0x100,42270527834805,42270573032128,45197323
*0xffff0020,*0x100,42270717297072,42270757843917,40546845
*0xffff0020,*0x100,42270897443118,42270936982612,39539494
*0xffff0020,*0x100,42271088217825,42271129792628,41574803
*0xffff0020,*0x100,42271267304219,42271305793020,38488801
*0xffff0020,*0x100,42271452116489,42271495106377,42989888
*0xffff0020,*0x100,42271640556898,42271679101638,38544740
*0xffff0020,*0x100,42271831384892,42271874648747,43263855
*0xffff0020,*0x100,42272021296637,42272063925520,42628883
*0xffff0020,*0x100,42272221148054,42272262094406,40946352
*0xffff0020,*0x100,42272412389052,42272451143297,38754245
*0xffff0020,*0x100,42272598679213,42272639365179,40685966
*0xffff0020,*0x100,42272776459176,42272815936323,39477147
*0xffff0020,*0x100,42272956594979,42273000529144,43934165
*0xffff0020,*0x100,42273140017000,42273178704979,38687979
*0xffff0020,*0x100,42273320850507,42273361478681,40628174
*0xffff0020,*0x100,42273502540098,42273544536719,41996621
*0xffff0020,*0x100,42273690941087,42273732092953,41151866
*0xffff0020,*0x100,42273882467988,42273924797253,42329265
*0xffff0020,*0x100,42274065929639,42274105151505,39221866
*0xffff0020,*0x100,42274247025609,42274286562145,39536536
*0xffff0020,*0x100,42274426284997,42274471098819,44813822
*0xffff0020,*0x100,42274620755970,42274661651238,40895268
*0xffff0020,*0x100,42274802880281,42274843128338,40248057
*0xffff0020,*0x100,42274981865784,42275023068675,41202891
*0xffff0020,*0x100,42275167127995,42275207882225,40754230
*0xffff0020,*0x100,42275351829917,42275393687020,41857103
*0xffff0020,*0x100,42275538707170,42275578743723,40036553
*0xffff0020,*0x100,42275720505147,42275766761406,46256259
*0xffff0020,*0x100,42275911046204,42275949860525,38814321
*0xffff0020,*0x100,42276087353302,42276126233880,38880578
*0xffff0020,*0x100,42276265094896,42276306612613,41517717
*0xffff0020,*0x100,42276450823095,42276491423861,40600766
*0xffff0020,*0x100,42276636537376,42276676673286,40135910
*0xffff0020,*0x100,42276812625149,42276853819211,41194062
*0xffff0020,*0x100,42276997027018,42277038797799,41770781
*0xffff0020,*0x100,42277181784441,42277223368331,41583890
*0xffff0020,*0x100,42277366200799,42277408834773,42633974
*0xffff0020,*0x100,42277557541794,42277601521903,43980109
*0xffff0020,*0x100,42277741718583,42277788555934,46837351
*0xffff0020,*0x100,42277933822708,42277974547693,40724985
*0xffff0020,*0x100,42278122318095,42278164702460,42384365
*0xffff0020,*0x100,42278306848499,42278346478538,39630039
*0xffff0020,*0x100,42278493293469,42278535490616,42197147
*0xffff0020,*0x100,42278674376441,42278719289192,44912751
*0xffff0020,*0x100,42278862316980,42278901850450,39533470
*0xffff0020,*0x100,42279038977686,42279080243276,41265590
*0xffff0020,*0x100,42279225316785,42279264838774,39521989
*0xffff0020,*0x100,42279411721310,42279454468144,42746834
*0xffff0020,*0x100,42279603860012,42279647668188,43808176
*0xffff0020,*0x100,42279795851801,42279837191911,41340110
*0xffff0020,*0x100,42279979312112,42280020994618,41682506
*0xffff0020,*0x100,42280158340947,42280199123376,40782429
*0xffff0020,*0x100,42280353271031,42280393610991,40339960
*0xffff0020,*0x100,42280531375906,42280576423268,45047362
*0xffff0020,*0x100,42280721310571,42280758303653,36993082
*0xffff0020,*0x100,42280896508547,42280944011303,47502756
*0xffff0020,*0x100,42281094564259,42281133541348,38977089
*0xffff0020,*0x100,42281273014896,42281314877511,41862615
*0xffff0020,*0x100,42281465264471,42281506734658,41470187
*0xffff0020,*0x100,42281654530848,42281694989530,40458682
*0xffff0020,*0x100,42281842511406,42281886220981,43709575
*0xffff0020,*0x100,42282028251312,42282069181272,40929960
*0xffff0020,*0x100,42282216429244,42282257165862,40736618
*0xffff0020,*0x100,42282395215848,42282437812620,42596772
*0xffff0020,*0x100,42282584288101,42282625331749,41043648
*0xffff0020,*0x100,42282772719033,42282815616375,42897342
*0xffff0020,*0x100,42282959618360,42283001111410,41493050
*0xffff0020,*0x100,42283148115183,42283186745800,38630617
*0xffff0020,*0x100,42283324521859,42283364321925,39800066
*0xffff0020,*0x100,42283504000370,42283545329187,41328817
*0xffff0020,*0x100,42283699240813,42283741917771,42676958
*0xffff0020,*0x100,42283886887452,42283927245121,40357669
*0xffff0020,*0x100,42284073149195,42284116661637,43512442
*0xffff0020,*0x100,42284271667782,42284313979607,42311825
*0xffff0020,*0x100,42284464061779,42284505612366,41550587
*0xffff0020,*0x100,42284657164372,42284694046103,36881731
*0xffff0020,*0x100,42284843906120,42284887747867,43841747
*0xffff0020,*0x100,42285037430324,42285080152897,42722573
*0xffff0020,*0x100,42285223313626,42285263178613,39864987
*0xffff0020,*0x100,42285412457407,42285455294346,42836939
*0xffff0020,*0x100,42285607890913,42285647229782,39338869
*0xffff0020,*0x100,42285790653769,42285832706836,42053067
*0xffff0020,*0x100,42285967715055,42286009636191,41921136
*0xffff0020,*0x100,42286154547188,42286196579353,42032165
*0xffff0020,*0x100,42286345850051,42286387835677,41985626
*0xffff0020,*0x100,42286524356887,42286568446844,44089957
*0xffff0020,*0x100,42286711601154,42286757972958,46371804
*0xffff0020,*0x100,42286908013067,42286951103556,43090489
*0xffff0020,*0x100,42287095594910,42287134960519,39365609
*0xffff0020,*0x100,42287296478803,42287342463684,45984881
*0xffff0020,*0x100,42287485688044,42287527658161,41970117
*0xffff0020,*0x100,42287676037750,42287717802149,41764399
*0xffff0020,*0x100,42287866191111,42287911621137,45430026
*0xffff0020,*0x100,42288049348885,42288088799483,39450598
*0xffff0020,*0x100,42288231027758,42288273544086,42516328
*0xffff0020,*0x100,42288415043951,42288456077031,41033080
*0xffff0020,*0x100,42288604328119,42288646971248,42643129
*0xffff0020,*0x100,42288789269031,42288830722519,41453488
*0xffff0020,*0x100,42288975674839,42289018051355,42376516
*0xffff0020,*0x100,42289160813008,42289201634651,40821643
*0xffff0020,*0x100,42289347178634,42289390576660,43398026
*0xffff0020,*0x100,42289533032461,42289577238750,44206289
*0xffff0020,*0x100,42289723335330,42289763915335,40580005
*0xffff0020,*0x100,42289911344531,42289953586190,42241659
*0xffff0020,*0x100,42290098758038,42290141305813,42547775
*0xffff0020,*0x100,42290280232267,42290320790278,40558011
*0xffff0020,*0x100,42290464613397,42290508420357,43806960
*0xffff0020,*0x100,42290655416666,42290693886227,38469561
*0xffff0020,*0x100,42290844029439,42290884833305,40803866
*0xffff0020,*0x100,42291032969314,42291074831984,41862670
*0xffff0020,*0x100,42291223031144,42291262611546,39580402
*0xffff0020,*0x100,42291398241112,42291440741158,42500046
*0xffff0020,*0x100,42291592459304,42291633928623,41469319
*0xffff0020,*0x100,42291777950836,42291817914133,39963297
*0xffff0020,*0x100,42291959478381,42291999201055,39722674
*0xffff0020,*0x100,42292143536224,42292183742029,40205805
*0xffff0020,*0x100,42292326582138,42292369598683,43016545
*0xffff0020,*0x100,42292516903967,42292561349386,44445419
*0xffff0020,*0x100,42292711290358,42292754073550,42783192
*0xffff0020,*0x100,42292905655166,42292947501683,41846517
*0xffff0020,*0x100,42293099485872,42293141667666,42181794
*0xffff0020,*0x100,42293285691818,42293329448964,43757146
*0xffff0020,*0x100,42293475066655,42293517985373,42918718
*0xffff0020,*0x100,42293670651470,42293714021971,43370501
*0xffff0020,*0x100,42293860098297,42293903611178,43512881
*0xffff0020,*0x100,42294048464054,42294092074926,43610872
*0xffff0020,*0x100,42294240721836,42294283304461,42582625
*0xffff0020,*0x100,42294430861316,42294473355223,42493907
*0xffff0020,*0x100,42294616148096,42294658869353,42721257
*0xffff0020,*0x100,42294810373569,42294852033021,41659452
*0xffff0020,*0x100,42295000651638,42295043623878,42972240
*0xffff0020,*0x100,42295188755225,42295229041742,40286517
*0xffff0020,*0x100,42295366659752,42295409913324,43253572
*0xffff0020,*0x100,42295553932624,42295600020242,46087618
*0xffff0020,*0x100,42295748962789,42295790657106,41694317
*0xffff0020,*0x100,42295943740733,42295986514944,42774211
*0xffff0020,*0x100,42296135034036,42296176153419,41119383
*0xffff0020,*0x100,42296321540202,42296363352256,41812054
*0xffff0020,*0x100,42296502801270,42296547136868,44335598
*0xffff0020,*0x100,42296695596276,42296737290155,41693879
*0xffff0020,*0x100,42296887732240,42296929003929,41271689
*0xffff0020,*0x100,42297077017209,42297117761240,40744031
*0xffff0020,*0x100,42297270013805,42297312819888,42806083
*0xffff0020,*0x100,42297459327848,42297501442913,42115065
*0xffff0020,*0x100,42297652920644,42297695920120,42999476
*0xffff0020,*0x100,42297847123581,42297897015142,49891561
*0xffff0020,*0x100,42298036923697,42298075339676,38415979
*0xffff0020,*0x100,42298213682665,42298255144197,41461532
*0xffff0020,*0x100,42298399805671,42298440726245,40920574
*0xffff0020,*0x100,42298582512943,42298621985173,39472230
*0xffff0020,*0x100,42298764529073,42298805970040,41440967
*0xffff0020,*0x100,42298951744569,42298997600273,45855704
*0xffff0020,*0x100,42299131514803,42299172412520,40897717
*0xffff0020,*0x100,42299309401422,42299348878305,39476883
*0xffff0020,*0x100,42299495479956,42299534039550,38559594
*0xffff0020,*0x100,42299678543939,42299717494844,38950905
*0xffff0020,*0x100,42299864048047,42299904659170,40611123
*0xffff0020,*0x100,42300036302282,42300075624227,39321945
*0xffff0020,*0x100,42300212956771,42300251871319,38914548
*0xffff0020,*0x100,42300390439381,42300430127744,39688363
*0xffff0020,*0x100,42300571492413,42300610953076,39460663
*0xffff0020,*0x100,42300752484697,42300791612438,39127741
*0xffff0020,*0x100,42300927956039,42300969615648,41659609
*0xffff0020,*0x100,42301108865246,42301152455582,43590336
*0xffff0020,*0x100,42301286895646,42301330498700,43603054
*0xffff0020,*0x100,42301477300324,42301524776520,47476196
*0xffff0020,*0x100,42301670598494,42301710583318,39984824
*0xffff0020,*0x100,42301855580136,42301899588701,44008565
*0xffff0020,*0x100,42302043168105,42302081736013,38567908
*0xffff0020,*0x100,42302224034321,42302264690203,40655882
*0xffff0020,*0x100,42302415193233,42302459945085,44751852
*0xffff0020,*0x100,42302603998152,42302645985598,41987446
*0xffff0020,*0x100,42302797622980,42302840937274,43314294
*0xffff0020,*0x100,42302980595119,42303021966933,41371814
*0xffff0020,*0x100,42303169130694,42303208846990,39716296
*0xffff0020,*0x100,42303364100895,42303407990860,43889965
*0xffff0020,*0x100,42303547648869,42303595253745,47604876
*0xffff0020,*0x100,42303744059378,42303784882752,40823374
*0xffff0020,*0x100,42303924733233,42303969308585,44575352
*0xffff0020,*0x100,42304117963692,42304160022160,42058468
*0xffff0020,*0x100,42304305604400,42304347601156,41996756
*0xffff0020,*0x100,42304492154908,42304538134574,45979666
*0xffff0020,*0x100,42304696586864,42304736316991,39730127
*0xffff0020,*0x100,42304877095352,42304923796003,46700651
*0xffff0020,*0x100,42305075884913,42305120354262,44469349
*0xffff0020,*0x100,42305268234850,42305307345930,39111080
*0xffff0020,*0x100,42305448075338,42305492561977,44486639
*0xffff0020,*0x100,42305645394279,42305686893358,41499079
*0xffff0020,*0x100,42305829822988,42305871752280,41929292
*0xffff0020,*0x100,42306038545759,42306081497837,42952078
*0xffff0020,*0x100,42306227301833,42306270608485,43306652
*0xffff0020,*0x100,42306417431218,42306457839000,40407782
*0xffff0020,*0x100,42306605840352,42306650406913,44566561
*0xffff0020,*0x100,42306792721324,42306835186554,42465230
*0xffff0020,*0x100,42306980597770,42307022439215,41841445
*0xffff0020,*0x100,42307161758103,42307204905969,43147866
*0xffff0020,*0x100,42307346849292,42307388317824,41468532
*0xffff0020,*0x100,42307545982314,42307589675747,43693433
*0xffff0020,*0x100,42307737325554,42307782225380,44899826
*0xffff0020,*0x100,42307941509379,42307983274177,41764798
*0xffff0020,*0x100,42308125841967,42308167779563,41937596
*0xffff0020,*0x100,42308311382829,42308354070710,42687881
*0xffff0020,*0x100,42308497298952,42308536879418,39580466
*0xffff0020,*0x100,42308691712117,42308737270667,45558550
*0xffff0020,*0x100,42308887690849,42308934315770,46624921
*0xffff0020,*0x100,42309077811070,42309118685794,40874724
*0xffff0020,*0x100,42309263051346,42309306585314,43533968
*0xffff0020,*0x100,42309453182149,42309495566377,42384228
*0xffff0020,*0x100,42309648266671,42309689151999,40885328
*0xffff0020,*0x100,42309828933452,42309873782985,44849533
*0xffff0020,*0x100,42310015943811,42310058778517,42834706
*0xffff0020,*0x100,42310210950393,42310252563968,41613575
*0xffff0020,*0x100,42310402229990,42310446283945,44053955
*0xffff0020,*0x100,42310595164803,42310633933372,38768569
*0xffff0020,*0x100,42310785398276,42310829143734,43745458
*0xffff0020,*0x100,42310974927385,42311021753145,46825760
*0xffff0020,*0x100,42311170752479,42311212528145,41775666
*0xffff0020,*0x100,42311355030924,42311398824102,43793178
*0xffff0020,*0x100,42311556976808,42311602350400,45373592
*0xffff0020,*0x100,42311752712465,42311795965264,43252799
*0xffff0020,*0x100,42311944456006,42311988607139,44151133
*0xffff0020,*0x100,42312135260640,42312178962108,43701468
*0xffff0020,*0x100,42312317899962,42312359271289,41371327
*0xffff0020,*0x100,42312505717270,42312548546621,42829351
*0xffff0020,*0x100,42312692204482,42312735822091,43617609
*0xffff0020,*0x100,42312880910990,42312920697045,39786055
*0xffff0020,*0x100,42313069204803,42313113251984,44047181
*0xffff0020,*0x100,42313260475190,42313302941649,42466459
*0xffff0020,*0x100,42313447796590,42313491140120,43343530
*0xffff0020,*0x100,42313644225096,42313685548004,41322908
*0xffff0020,*0x100,42313829816337,42313873355715,43539378
*0xffff0020,*0x100,42314014182951,42314055486569,41303618
*0xffff0020,*0x100,42314200844481,42314247096120,46251639
*0xffff0020,*0x100,42314396207779,42314438265328,42057549
*0xffff0020,*0x100,42314585788843,42314628344333,42555490
*0xffff0020,*0x100,42314783102728,42314828578635,45475907
*0xffff0020,*0x100,42314968810937,42315009207799,40396862
*0xffff0020,*0x100,42315161458960,42315206727032,45268072
*0xffff0020,*0x100,42315354807742,42315397107316,42299574
*0xffff0020,*0x100,42315539670008,42315587802450,48132442
*0xffff0020,*0x100,42315743125341,42315787878669,44753328
*0xffff0020,*0x100,42315940326767,42315985378103,45051336
*0xffff0020,*0x100,42316136633226,42316178496021,41862795
*0xffff0020,*0x100,42316324845864,42316366491231,41645367
*0xffff0020,*0x100,42316522009009,42316568205064,46196055
*0xffff0020,*0x100,42316716640650,42316760628826,43988176
*0xffff0020,*0x100,42316911052846,42316954823084,43770238
*0xffff0020,*0x100,42317119447936,42317163111500,43663564
*0xffff0020,*0x100,42317318236537,42317365079774,46843237
*0xffff0020,*0x100,42317515067700,42317558754940,43687240
*0xffff0020,*0x100,42317722824853,42317770463826,47638973
*0xffff0020,*0x100,42317922879842,42317965131195,42251353
*0xffff0020,*0x100,42318117571841,42318158778370,41206529
*0xffff0020,*0x100,42318307880040,42318349586473,41706433
*0xffff0020,*0x100,42318496884650,42318539594840,42710190
*0xffff0020,*0x100,42318691632554,42318735274800,43642246
*0xffff0020,*0x100,42318888514088,42318927869708,39355620
*0xffff0020,*0x100,42319078243813,42319120644819,42401006
*0xffff0020,*0x100,42319263829654,42319304079815,40250161
*0xffff0020,*0x100,42319453912960,42319497590748,43677788
*0xffff0020,*0x100,42319649832582,42319691666889,41834307
*0xffff0020,*0x100,42319835073407,42319876898183,41824776
*0xffff0020,*0x100,42320028201659,42320068746930,40545271
*0xffff0020,*0x100,42320218309630,42320260893605,42583975
*0xffff0020,*0x100,42320413039268,42320453391395,40352127
*0xffff0020,*0x100,42320597989985,42320644262142,46272157
*0xffff0020,*0x100,42320797058961,42320842533960,45474999
*0xffff0020,*0x100,42320987365364,42321026896903,39531539
*0xffff0020,*0x100,42321172305225,42321218097727,45792502
*0xffff0020,*0x100,42321368072444,42321412738340,44665896
*0xffff0020,*0x100,42321569447715,42321615062924,45615209
*0xffff0020,*0x100,42321763771420,42321807372981,43601561
*0xffff0020,*0x100,42321959364518,42322001903185,42538667
*0xffff0020,*0x100,42322150211408,42322189370214,39158806
*0xffff0020,*0x100,42322354866460,42322395785629,40919169
*0xffff0020,*0x100,42322544977120,42322589276944,44299824
*0xffff0020,*0x100,42322737800481,42322779886195,42085714
*0xffff0020,*0x100,42322930144675,42322970976837,40832162
*0xffff0020,*0x100,42323121328772,42323162325764,40996992
*0xffff0020,*0x100,42323314070807,42323354148720,40077913
*0xffff0020,*0x100,42323499532740,42323539345478,39812738
*0xffff0020,*0x100,42323699961782,42323743751934,43790152
*0xffff0020,*0x100,42323887443137,42323929418710,41975573
*0xffff0020,*0x100,42324071434303,42324111767116,40332813
*0xffff0020,*0x100,42324254693243,42324296650767,41957524
*0xffff0020,*0x100,42324442022918,42324482437976,40415058
*0xffff0020,*0x100,42324630313620,42324673733025,43419405
*0xffff0020,*0x100,42324822508724,42324864606883,42098159
*0xffff0020,*0x100,42325004305623,42325047717069,43411446
*0xffff0020,*0x100,42325186653989,42325229045868,42391879
*0xffff0020,*0x100,42325380580184,42325422597227,42017043
*0xffff0020,*0x100,42325573183066,42325617608916,44425850
*0xffff0020,*0x100,42325770621009,42325811957433,41336424
*0xffff0020,*0x100,42325954403210,42325997327143,42923933
*0xffff0020,*0x100,42326144416607,42326187966330,43549723
*0xffff0020,*0x100,42326334754818,42326377351487,42596669
*0xffff0020,*0x100,42326520243744,42326563246753,43003009
*0xffff0020,*0x100,42326723404498,42326765572803,42168305
*0xffff0020,*0x100,42326902653568,42326943148638,40495070
*0xffff0020,*0x100,42327083289468,42327123788195,40498727
*0xffff0020,*0x100,42327260413965,42327303531830,43117865
*0xffff0020,*0x100,42327450312199,42327489671911,39359712
*0xffff0020,*0x100,42327640966552,42327681806482,40839930
*0xffff0020,*0x100,42327824021801,42327865323460,41301659
*0xffff0020,*0x100,42328005910226,42328046196379,40286153
*0xffff0020,*0x100,42328191844585,42328234352708,42508123
*0xffff0020,*0x100,42328376952451,42328414678186,37725735
*0xffff0020,*0x100,42328550793855,42328597463340,46669485
*0xffff0020,*0x100,42328737535853,42328777067853,39532000
*0xffff0020,*0x100,42328925315599,42328965732757,40417158
*0xffff0020,*0x100,42329104405983,42329147537405,43131422
*0xffff0020,*0x100,42329291951379,42329328925683,36974304
*0xffff0020,*0x100,42329472603548,42329514818750,42215202
*0xffff0020,*0x100,42329660766837,42329700299745,39532908
*0xffff0020,*0x100,42329838267101,42329877732615,39465514
*0xffff0020,*0x100,42330019211736,42330059825764,40614028
*0xffff0020,*0x100,42330201222715,42330243936646,42713931
*0xffff0020,*0x100,42330385960938,42330426174677,40213739
*0xffff0020,*0x100,42330566607775,42330604194952,37587177
*0xffff0020,*0x100,42330746201879,42330785959613,39757734
*0xffff0020,*0x100,42330922624683,42330961154278,38529595
*0xffff0020,*0x100,42331104744263,42331145773663,41029400
*0xffff0020,*0x100,42331282844034,42331322206225,39362191
*0xffff0020,*0x100,42331463343646,42331501330531,37986885
*0xffff0020,*0x100,42331656508356,42331694843666,38335310
*0xffff0020,*0x100,42331828869948,42331866370040,37500092
*0xffff0020,*0x100,42332002222264,42332038514110,36291846
*0xffff0020,*0x100,42332173723949,42332211142815,37418866
*0xffff0020,*0x100,42332347754663,42332386285592,38530929
*0xffff0020,*0x100,42332527641621,42332567367335,39725714
*0xffff0020,*0x100,42332700087592,42332740462420,40374828
*0xffff0020,*0x100,42332871944772,42332910108021,38163249
*0xffff0020,*0x100,42333053584524,42333091386960,37802436
*0xffff0020,*0x100,42333224989433,42333263221780,38232347
*0xffff0020,*0x100,42333402384607,42333437167058,34782451
*0xffff0020,*0x100,42333581114733,42333621353869,40239136
*0xffff0020,*0x100,42333757450894,42333793229581,35778687
*0xffff0020,*0x100,42333931204427,42333974227006,43022579
*0xffff0020,*0x100,42334115678199,42334154515739,38837540
*0xffff0020,*0x100,42334296539701,42334334509580,37969879
*0xffff0020,*0x100,42334472882604,42334511398824,38516220
*0xffff0020,*0x100,42334656670838,42334693500791,36829953
*0xffff0020,*0x100,42334830841439,42334872321086,41479647
*0xffff0020,*0x100,42335010967539,42335049369032,38401493
*0xffff0020,*0x100,42335189844986,42335229055802,39210816
*0xffff0020,*0x100,42335369043078,42335407523281,38480203
*0xffff0020,*0x100,42335543139412,42335584955500,41816088
*0xffff0020,*0x100,42335723406759,42335760167676,36760917
*0xffff0020,*0x100,42335901625048,42335942436742,40811694
*0xffff0020,*0x100,42336078545719,42336116150405,37604686
*0xffff0020,*0x100,42336248927301,42336287184167,38256866
*0xffff0020,*0x100,42336423061447,42336462519875,39458428
*0xffff0020,*0x100,42336609744041,42336645721783,35977742
*0xffff0020,*0x100,42336781792354,42336825451167,43658813
*0xffff0020,*0x100,42336960874705,42337001931117,41056412
*0xffff0020,*0x100,42337137449716,42337178007607,40557891
*0xffff0020,*0x100,42337313625519,42337351141974,37516455
*0xffff0020,*0x100,42337489138904,42337529448848,40309944
*0xffff0020,*0x100,42337673795388,42337708483412,34688024
*0xffff0020,*0x100,42337853428516,42337893556724,40128208
*0xffff0020,*0x100,42338031010202,42338070207870,39197668
*0xffff0020,*0x100,42338202791428,42338241248009,38456581
*0xffff0020,*0x100,42338380689073,42338419051036,38361963
*0xffff0020,*0x100,42338556069050,42338597023386,40954336
*0xffff0020,*0x100,42338732151389,42338770767973,38616584
*0xffff0020,*0x100,42338909540225,42338948896808,39356583
*0xffff0020,*0x100,42339089847278,42339132145436,42298158
*0xffff0020,*0x100,42339269452097,42339304795571,35343474
*0xffff0020,*0x100,42339437735347,42339478756770,41021423
*0xffff0020,*0x100,42339624045036,42339660587114,36542078
*0xffff0020,*0x100,42339797202923,42339835751190,38548267
*0xffff0020,*0x100,42339973242602,42340009067247,35824645
*0xffff0020,*0x100,42340145369385,42340185150479,39781094
*0xffff0020,*0x100,42340324432003,42340358416618,33984615
*0xffff0020,*0x100,42340498789666,42340538786554,39996888
*0xffff0020,*0x100,42340676507470,42340712428828,35921358
*0xffff0020,*0x100,42340849127982,42340888677827,39549845
*0xffff0020,*0x100,42341032174133,42341069163260,36989127
*0xffff0020,*0x100,42341204327284,42341243453730,39126446
*0xffff0020,*0x100,42341378276152,42341415556096,37279944
*0xffff0020,*0x100,42341555212952,42341599664687,44451735
*0xffff0020,*0x100,42341744733692,42341787668497,42934805
*0xffff0020,*0x100,42341927640328,42341962021228,34380900
*0xffff0020,*0x100,42342106133896,42342147081146,40947250
*0xffff0020,*0x100,42342288356901,42342324085216,35728315
*0xffff0020,*0x100,42342465457629,42342506853342,41395713
*0xffff0020,*0x100,42342645148617,42342680241862,35093245
*0xffff0020,*0x100,42342826994907,42342865656946,38662039
*0xffff0020,*0x100,42343012312760,42343058817328,46504568
*0xffff0020,*0x100,42343199872873,42343234027326,34154453
*0xffff0020,*0x100,42343373037982,42343415383459,42345477
*0xffff0020,*0x100,42343553040121,42343593893448,40853327
*0xffff0020,*0x100,42343730550596,42343771363771,40813175
*0xffff0020,*0x100,42343908543101,42343942641063,34097962
*0xffff0020,*0x100,42344080379472,42344119754105,39374633
*0xffff0020,*0x100,42344254723348,42344289245573,34522225
*0xffff0020,*0x100,42344427754472,42344472575644,44821172
*0xffff0020,*0x100,42344616349161,42344654957042,38607881
*0xffff0020,*0x100,42344791867844,42344829670799,37802955
*0xffff0020,*0x100,42344970828777,42345010859341,40030564
*0xffff0020,*0x100,42345157040644,42345192622908,35582264
*0xffff0020,*0x100,42345329128693,42345374557418,45428725
*0xffff0020,*0x100,42345511727410,42345546604609,34877199
*0xffff0020,*0x100,42345689650040,42345732223609,42573569
*0xffff0020,*0x100,42345872198491,42345906911021,34712530
*0xffff0020,*0x100,42346050856717,42346090933237,40076520
*0xffff0020,*0x100,42346232629237,42346269745930,37116693
*0xffff0020,*0x100,42346410980124,42346447213137,36233013
*0xffff0020,*0x100,42346588632672,42346628281555,39648883
*0xffff0020,*0x100,42346763443753,42346799907432,36463679
*0xffff0020,*0x100,42346937405542,42346976989599,39584057
*0xffff0020,*0x100,42347119492947,42347158066085,38573138
*0xffff0020,*0x100,42347302035619,42347344059165,42023546
*0xffff0020,*0x100,42347482165645,42347517725678,35560033
*0xffff0020,*0x100,42347663071543,42347703906204,40834661
*0xffff0020,*0x100,42347846606255,42347882943921,36337666
*0xffff0020,*0x100,42348019349259,42348058484659,39135400
*0xffff0020,*0x100,42348196295974,42348233277904,36981930
*0xffff0020,*0x100,42348373189232,42348408887918,35698686
*0xffff0020,*0x100,42348548208527,42348591200806,42992279
*0xffff0020,*0x100,42348730968363,42348766480130,35511767
*0xffff0020,*0x100,42348902759448,42348942431016,39671568
*0xffff0020,*0x100,42349091438643,42349129150479,37711836
*0xffff0020,*0x100,42349267959628,42349310447376,42487748
*0xffff0020,*0x100,42349449558942,42349484345021,34786079
*0xffff0020,*0x100,42349627109306,42349667542506,40433200
*0xffff0020,*0x100,42349804637912,42349840431935,35794023
*0xffff0020,*0x100,42349975459706,42350018970262,43510556
*0xffff0020,*0x100,42350152578953,42350187580295,35001342
*0xffff0020,*0x100,42350334228874,42350371415217,37186343
*0xffff0020,*0x100,42350506161551,42350545677747,39516196
*0xffff0020,*0x100,42350683839692,42350720769969,36930277
*0xffff0020,*0x100,42350854798702,42350894237954,39439252
*0xffff0020,*0x100,42351029408305,42351070873062,41464757
*0xffff0020,*0x100,42351204173442,42351243281918,39108476
*0xffff0020,*0x100,42351385303544,42351421539620,36236076
*0xffff0020,*0x100,42351566971040,42351610790856,43819816
*0xffff0020,*0x100,42351744007079,42351778461285,34454206
*0xffff0020,*0x100,42351922720609,42351961235145,38514536
*0xffff0020,*0x100,42352098582624,42352135304167,36721543
*0xffff0020,*0x100,42352270937000,42352308960880,38023880
*0xffff0020,*0x100,42352448822850,42352483722283,34899433
*0xffff0020,*0x100,42352629236610,42352673665401,44428791
*0xffff0020,*0x100,42352811603890,42352849476269,37872379
*0xffff0020,*0x100,42352987564576,42353024277312,36712736
*0xffff0020,*0x100,42353178979354,42353221338768,42359414
*0xffff0020,*0x100,42353357901340,42353392622990,34721650
*0xffff0020,*0x100,42353526332256,42353572576014,46243758
*0xffff0020,*0x100,42353709791011,42353743987819,34196808
*0xffff0020,*0x100,42353883842220,42353924179245,40337025
*0xffff0020,*0x100,42354061519982,42354096411970,34891988
*0xffff0020,*0x100,42354234352641,42354276696233,42343592
*0xffff0020,*0x100,42354409463196,42354444228102,34764906
*0xffff0020,*0x100,42354583458467,42354625114946,41656479
*0xffff0020,*0x100,42354760379060,42354797673378,37294318
*0xffff0020,*0x100,42354936613719,42354975671466,39057747
*0xffff0020,*0x100,42355113778776,42355150177434,36398658
*0xffff0020,*0x100,42355281111516,42355320383098,39271582
*0xffff0020,*0x100,42355458767657,42355493756460,34988803
*0xffff0020,*0x100,42355633735373,42355674163149,40427776
*0xffff0020,*0x100,42355811166962,42355848284826,37117864
*0xffff0020,*0x100,42355989536139,42356028104045,38567906
*0xffff0020,*0x100,42356164980504,42356203311275,38330771
*0xffff0020,*0x100,42356334425618,42356372537130,38111512
*0xffff0020,*0x100,42356509845852,42356549296144,39450292
*0xffff0020,*0x100,42356691607062,42356728321188,36714126
*0xffff0020,*0x100,42356864127101,42356905803604,41676503
*0xffff0020,*0x100,42357042891556,42357083308710,40417154
*0xffff0020,*0x100,42357220920331,42357260207444,39287113
*0xffff0020,*0x100,42357393158649,42357429728183,36569534
*0xffff0020,*0x100,42357569847215,42357614866460,45019245
*0xffff0020,*0x100,42357755952289,42357789405345,33453056
*0xffff0020,*0x100,42357928527398,42357967996675,39469277
*0xffff0020,*0x100,42358105950934,42358141866939,35916005
*0xffff0020,*0x100,42358275119913,42358318071855,42951942
*0xffff0020,*0x100,42358455142130,42358491212009,36069879
*0xffff0020,*0x100,42358632760335,42358673036536,40276201
*0xffff0020,*0x100,42358820049415,42358860057618,40008203
*0xffff0020,*0x100,42358994983549,42359030316932,35333383
*0xffff0020,*0x100,42359173103365,42359213766410,40663045
*0xffff0020,*0x100,42359352051654,42359386792410,34740756
*0xffff0020,*0x100,42359522541794,42359563938097,41396303
*0xffff0020,*0x100,42359703215528,42359741471565,38256037
*0xffff0020,*0x100,42359878886990,42359918937210,40050220
*0xffff0020,*0x100,42360056527848,42360092561502,36033654
*0xffff0020,*0x100,42360228791095,42360270594729,41803634
*0xffff0020,*0x100,42360411765542,42360446911394,35145852
*0xffff0020,*0x100,42360583949291,42360628566256,44616965
*0xffff0020,*0x100,42360764513554,42360804944410,40430856
*0xffff0020,*0x100,42360936566679,42360978321338,41754659
*0xffff0020,*0x100,42361123827301,42361168538610,44711309
*0xffff0020,*0x100,42361301464998,42361336572424,35107426
*0xffff0020,*0x100,42361471114286,42361517416968,46302682
*0xffff0020,*0x100,42361662085117,42361697271661,35186544
*0xffff0020,*0x100,42361838709027,42361877827944,39118917
*0xffff0020,*0x100,42362012183623,42362045745522,33561899
*0xffff0020,*0x100,42362178396421,42362219042031,40645610
*0xffff0020,*0x100,42362361104553,42362400083860,38979307
*0xffff0020,*0x100,42362539926321,42362587424945,47498624
*0xffff0020,*0x100,42362723455324,42362761471873,38016549
*0xffff0020,*0x100,42362897923791,42362937707480,39783689
*0xffff0020,*0x100,42363080813017,42363120297287,39484270
*0xffff0020,*0x100,42363246852286,42363280526145,33673859
*0xffff0020,*0x100,42363406459226,42363442082286,35623060
*0xffff0020,*0x100,42363574630515,42363610363493,35732978
*0xffff0020,*0x100,42363738747650,42363776498691,37751041
*0xffff0020,*0x100,42363907874611,42363943817840,35943229
*0xffff0020,*0x100,42364071474813,42364106838373,35363560
*0xffff0020,*0x100,42364243313490,42364282549166,39235676
*0xffff0020,*0x100,42364411349413,42364448137989,36788576
*0xffff0020,*0x100,42364576802258,42364620488735,43686477
*0xffff0020,*0x100,42364757753621,42364797299884,39546263
*0xffff0020,*0x100,42364933232733,42364967282311,34049578
*0xffff0020,*0x100,42365100817264,42365141674824,40857560
*0xffff0020,*0x100,42365279972407,42365315470355,35497948
*0xffff0020,*0x100,42365452320072,42365493438980,41118908
*0xffff0020,*0x100,42365633465817,42365672714396,39248579
*0xffff0020,*0x100,42365813343814,42365850962744,37618930
*0xffff0020,*0x100,42365987511525,42366030003000,42491475
*0xffff0020,*0x100,42366166972365,42366204005987,37033622
*0xffff0020,*0x100,42366343203952,42366384991915,41787963
*0xffff0020,*0x100,42366524007621,42366561330972,37323351
*0xffff0020,*0x100,42366702661455,42366747435083,44773628
*0xffff0020,*0x100,42366882801397,42366924396453,41595056
*0xffff0020,*0x100,42367068303971,42367113501765,45197794
*0xffff0020,*0x100,42367255650892,42367294214340,38563448
*0xffff0020,*0x100,42367425790793,42367471697552,45906759
*0xffff0020,*0x100,42367614114232,42367655962679,41848447
*0xffff0020,*0x100,42367793271226,42367833400294,40129068
*0xffff0020,*0x100,42367970623168,42368015538388,44915220
*0xffff0020,*0x100,42368155529970,42368193394253,37864283
*0xffff0020,*0x100,42368334590972,42368375445677,40854705
*0xffff0020,*0x100,42368514318632,42368551272600,36953968
*0xffff0020,*0x100,42368696843965,42368742278699,45434734
*0xffff0020,*0x100,42368884485776,42368928058680,43572904
*0xffff0020,*0x100,42369070959563,42369110139684,39180121
*0xffff0020,*0x100,42369245145951,42369285043410,39897459
*0xffff0020,*0x100,42369422275367,42369455469116,33193749
*0xffff0020,*0x100,42369598022417,42369638158724,40136307
*0xffff0020,*0x100,42369782244796,42369823873906,41629110
*0xffff0020,*0x100,42369963765340,42370007558401,43793061
*0xffff0020,*0x100,42370144766677,42370185485149,40718472
*0xffff0020,*0x100,42370325559588,42370366590816,41031228
*0xffff0020,*0x100,42370509725214,42370555306149,45580935
*0xffff0020,*0x100,42370699488836,42370740619512,41130676
*0xffff0020,*0x100,42370876979170,42370915057409,38078239
*0xffff0020,*0x100,42371054451278,42371097815457,43364179
*0xffff0020,*0x100,42371234416867,42371276344798,41927931
*0xffff0020,*0x100,42371412619719,42371453117209,40497490
*0xffff0020,*0x100,42371595835191,42371633608846,37773655
*0xffff0020,*0x100,42371773030350,42371817718936,44688586
*0xffff0020,*0x100,42371952316061,42371990042847,37726786
*0xffff0020,*0x100,42372124639669,42372169947658,45307989
*0xffff0020,*0x100,42372308957362,42372343237024,34279662
*0xffff0020,*0x100,42372485171394,42372526700708,41529314
*0xffff0020,*0x100,42372668819788,42372708556125,39736337
*0xffff0020,*0x100,42372845651083,42372886383932,40732849
*0xffff0020,*0x100,42373029003543,42373067968616,38965073
*0xffff0020,*0x100,42373207495385,42373247582648,40087263
*0xffff0020,*0x100,42373387100010,42373439072358,51972348
*0xffff0020,*0x100,42373581706034,42373620445148,38739114
*0xffff0020,*0x100,42373755728747,42373795549918,39821171
*0xffff0020,*0x100,42373937385954,42373973408706,36022752
*0xffff0020,*0x100,42374105161906,42374145223004,40061098
*0xffff0020,*0x100,42374281263757,42374323541136,42277379
*0xffff0020,*0x100,42374457138374,42374497443526,40305152
*0xffff0020,*0x100,42374644245608,42374687370107,43124499
*0xffff0020,*0x100,42374828468030,42374868004095,39536065
*0xffff0020,*0x100,42375009276527,42375052976534,43700007
*0xffff0020,*0x100,42375202321488,42375237625633,35304145
*0xffff0020,*0x100,42375375114090,42375416724109,41610019
*0xffff0020,*0x100,42375554523571,42375599759686,45236115
*0xffff0020,*0x100,42375732009758,42375772263483,40253725
*0xffff0020,*0x100,42375908490489,42375949670138,41179649
*0xffff0020,*0x100,42376086684321,42376125770381,39086060
*0xffff0020,*0x100,42376270949373,42376313104740,42155367
*0xffff0020,*0x100,42376450020156,42376489942149,39921993
*0xffff0020,*0x100,42376633888633,42376678269479,44380846
*0xffff0020,*0x100,42376814879921,42376858673332,43793411
*0xffff0020,*0x100,42376994853284,42377036491335,41638051
*0xffff0020,*0x100,42377174601799,42377218311116,43709317
*0xffff0020,*0x100,42377355788172,42377394413308,38625136
*0xffff0020,*0x100,42377532600694,42377576818144,44217450
*0xffff0020,*0x100,42377716743553,42377753533127,36789574
*0xffff0020,*0x100,42377890314653,42377935051445,44736792
*0xffff0020,*0x100,42378068520146,42378107112719,38592573
*0xffff0020,*0x100,42378241443772,42378281519099,40075327
*0xffff0020,*0x100,42378418577723,42378456186356,37608633
*0xffff0020,*0x100,42378595465058,42378636080608,40615550
*0xffff0020,*0x100,42378790455378,42378828104848,37649470
*0xffff0020,*0x100,42378968719905,42379006586812,37866907
*0xffff0020,*0x100,42379145884478,42379184367121,38482643
*0xffff0020,*0x100,42379320791572,42379356365016,35573444
*0xffff0020,*0x100,42379495380158,42379538428715,43048557
*0xffff0020,*0x100,42379678508154,42379717252137,38743983
*0xffff0020,*0x100,42379852634864,42379895750453,43115589
*0xffff0020,*0x100,42380034155025,42380075844924,41689899
*0xffff0020,*0x100,42380212296215,42380252450202,40153987
*0xffff0020,*0x100,42380396887817,42380436057930,39170113
*0xffff0020,*0x100,42380574757076,42380614508581,39751505
*0xffff0020,*0x100,42380757402112,42380797555693,40153581
*0xffff0020,*0x100,42380935989836,42380977216886,41227050
*0xffff0020,*0x100,42381115026513,42381156380599,41354086
*0xffff0020,*0x100,42381297345333,42381336868205,39522872
*0xffff0020,*0x100,42381482084344,42381523714695,41630351
*0xffff0020,*0x100,42381667309885,42381704235773,36925888
*0xffff0020,*0x100,42381839932473,42381881424299,41491826
*0xffff0020,*0x100,42382022271760,42382061741491,39469731
*0xffff0020,*0x100,42382201877514,42382239903192,38025678
*0xffff0020,*0x100,42382374960124,42382416808562,41848438
*0xffff0020,*0x100,42382556510033,42382599192516,42682483
*0xffff0020,*0x100,42382747933241,42382789614387,41681146
*0xffff0020,*0x100,42382928627223,42382968008708,39381485
*0xffff0020,*0x100,42383104531220,42383144620591,40089371
*0xffff0020,*0x100,42383282192086,42383320151003,37958917
*0xffff0020,*0x100,42383457862050,42383498240243,40378193
*0xffff0020,*0x100,42383640504352,42383682538641,42034289
*0xffff0020,*0x100,42383824758899,42383862633992,37875093
*0xffff0020,*0x100,42383996329568,42384037842916,41513348
*0xffff0020,*0x100,42384178537571,42384216953220,38415649
*0xffff0020,*0x100,42384356116887,42384395760851,39643964
*0xffff0020,*0x100,42384532042827,42384572007927,39965100
*0xffff0020,*0x100,42384727725082,42384768084194,40359112
*0xffff0020,*0x100,42384904015169,42384937817122,33801953
*0xffff0020,*0x100,42385078003650,42385118256854,40253204
*0xffff0020,*0x100,42385253629745,42385291020572,37390827
*0xffff0020,*0x100,42385428834218,42385465617664,36783446
*0xffff0020,*0x100,42385610325872,42385648293705,37967833
*0xffff0020,*0x100,42385781431411,42385818233601,36802190
*0xffff0020,*0x100,42385954927828,42385992082171,37154343
*0xffff0020,*0x100,42386127085099,42386167455731,40370632
*0xffff0020,*0x100,42386305800189,42386345426548,39626359
*0xffff0020,*0x100,42386479129899,42386514089322,34959423
*0xffff0020,*0x100,42386658855493,42386697650893,38795400
*0xffff0020,*0x100,42386835718197,42386870361890,34643693
*0xffff0020,*0x100,42387006178600,42387046791067,40612467
*0xffff0020,*0x100,42387184346371,42387219295160,34948789
*0xffff0020,*0x100,42387353581746,42387392246095,38664349
*0xffff0020,*0x100,42387529139123,42387565374725,36235602
*0xffff0020,*0x100,42387705118638,42387748285638,43167000
*0xffff0020,*0x100,42387883120162,42387917567249,34447087
*0xffff0020,*0x100,42388068040585,42388108972198,40931613
*0xffff0020,*0x100,42388244387055,42388279741773,35354718
*0xffff0020,*0x100,42388415465911,42388456960897,41494986
*0xffff0020,*0x100,42388602117800,42388641266648,39148848
*0xffff0020,*0x100,42388785177471,42388821372286,36194815
*0xffff0020,*0x100,42388963324068,42389007897077,44573009
*0xffff0020,*0x100,42389143614056,42389179268546,35654490
*0xffff0020,*0x100,42389314677616,42389357153733,42476117
*0xffff0020,*0x100,42389491010239,42389525828733,34818494
*0xffff0020,*0x100,42389662693956,42389703988524,41294568
*0xffff0020,*0x100,42389837824256,42389872729628,34905372
*0xffff0020,*0x100,42390005743489,42390045189273,39445784
*0xffff0020,*0x100,42390179769258,42390214488996,34719738
*0xffff0020,*0x100,42390351996847,42390394518543,42521696
*0xffff0020,*0x100,42390534350083,42390572539734,38189651
*0xffff0020,*0x100,42390719357455,42390760247715,40890260
*0xffff0020,*0x100,42390896697668,42390931777836,35080168
*0xffff0020,*0x100,42391069285280,42391110616742,41331462
*0xffff0020,*0x100,42391245929136,42391281782802,35853666
*0xffff0020,*0x100,42391417288022,42391457260619,39972597
*0xffff0020,*0x100,42391596642242,42391634531596,37889354
*0xffff0020,*0x100,42391770893605,42391808424550,37530945
*0xffff0020,*0x100,42391948035753,42391989171075,41135322
*0xffff0020,*0x100,42392127147969,42392163943299,36795330
*0xffff0020,*0x100,42392297694545,42392339922685,42228140
*0xffff0020,*0x100,42392479250817,42392514888659,35637842
*0xffff0020,*0x100,42392656203781,42392696316679,40112898
*0xffff0020,*0x100,42392836676579,42392872171762,35495183
*0xffff0020,*0x100,42393009090934,42393050008329,40917395
*0xffff0020,*0x100,42393190702745,42393225685609,34982864
*0xffff0020,*0x100,42393374834968,42393415771354,40936386
*0xffff0020,*0x100,42393551010128,42393589215090,38204962
*0xffff0020,*0x100,42393730041070,42393768309185,38268115
*0xffff0020,*0x100,42393903891010,42393941441824,37550814
*0xffff0020,*0x100,42394079641425,42394115902142,36260717
*0xffff0020,*0x100,42394254418414,42394292699853,38281439
*0xffff0020,*0x100,42394429055142,42394464232598,35177456
*0xffff0020,*0x100,42394601092988,42394640656740,39563752
*0xffff0020,*0x100,42394790803300,42394825689363,34886063
*0xffff0020,*0x100,42394957275264,42394991244981,33969717
*0xffff0020,*0x100,42395123096333,42395158585749,35489416
*0xffff0020,*0x100,42395285907836,42395319067200,33159364
*0xffff0020,*0x100,42395449125157,42395483420207,34295050
*0xffff0020,*0x100,42395617036154,42395652785385,35749231
